epoch,Loss,Acc,vLoss,vAcc
500,2.1464794099330904,0.48700068183898926,2.417490839958191,0.3921
