epoch,Loss,Acc,vLoss,vAcc
500,3.063097014427185,0.2761718332672119,2.8091264605522155,0.2996
