epoch,Loss,Acc,vLoss,vAcc
500,2.1464794099330904,0.48700068183898926,2.417490839958191,0.3921
500,2.231561658382416,0.4682730960845947,2.4547104835510254,0.3828
