epoch,Loss,Acc,vLoss,vAcc
500,3.4833702993392945,0.18386522941589356,3.26272599697113,0.2106
