{"train_m6_acc":0.1772,"train_ce_loss":0.03300408184528351,"val_m10_acc":0.2721,"_wandb":{"runtime":3945},"val_reg_loss":0,"val_divIA":0,"train_m10_acc":0.2838,"val_lambda":0.5,"train_divL":0,"train_divIA":0,"val_m15_acc":0.2064,"val_divCCA":0,"val_ce_loss":0.7036224782466889,"val_m9_acc":0.1379,"train_m0_acc":0.2526,"val_divCIA":0,"val_L_avg":4.867784461975098,"train_divCCA":0,"val_divL":0,"train_divDKDJS":0,"_timestamp":1.744700035717623e+09,"train_divCIA":0,"val_epsilon":0,"train_lambda":0.5,"train_m8_acc":0.4624,"train_m5_acc":0.2478,"train_m2_acc":0.2596,"val_m2_acc":0.2196,"train_loss":0.03300408184528351,"val_m11_acc":0.1503,"train_m15_acc":0.2286,"val_m14_acc":0.1626,"val_m8_acc":0.4107,"_step":535,"val_m13_acc":0.2293,"train_reg_loss":0,"train_epsilon":0,"train_divF":0,"val_divDKDKL":0,"val_m12_acc":0.1353,"val_divF":0,"val_divPL":0,"val_L_ens":0.7036224782466889,"val_m3_acc":0.2452,"train_m1_acc":0.2444,"val_m4_acc":0.2525,"val_m5_acc":0.2058,"train_L_lambda":1.8748247671127318,"val_L_lambda":2.7857034587860108,"val_loss":0.7036224782466889,"train_m9_acc":0.1266,"train_m4_acc":0.285,"train_m3_acc":0.2964,"train_divCCD":0,"train_m13_acc":0.2498,"val_m7_acc":0.1333,"val_divDKDJS":0,"val_divCCD":0,"train_divPL":0,"train_m12_acc":0.1684,"train_divDKDKL":0,"train_m11_acc":0.1748,"train_L_ens":0.03300408184528351,"val_m0_acc":0.2373,"train_L_avg":3.716645441055298,"val_ensemble_acc":0.7788,"train_ensemble_acc":0.9978,"val_m1_acc":0.2104,"val_m6_acc":0.1602,"_runtime":3945.318720948,"train_m14_acc":0.181,"train_m7_acc":0.1662}