epoch,Loss,Acc,vLoss,vAcc
500,0.6920166016067378,0.8774360971069336,1.6977960765361786,0.6214
