epoch,Loss,Acc,vLoss,vAcc
500,0.6872512333281339,0.8884290859985352,1.8895623207092285,0.5633
