epoch,Loss,Acc,vLoss,vAcc
500,0.9318014622293412,0.841974497833252,2.2017298579216003,0.4915
