epoch,Loss,Acc,vLoss,vAcc
500,0.5082498944399413,0.9105020846557618,1.5516660392284394,0.648
