epoch,Loss,Acc,vLoss,vAcc
500,1.2112566173076629,0.7790865888977051,2.4790004014968874,0.4265
