epoch,Loss,Acc,vLoss,vAcc
500,2.048779362440109,0.5333912407684326,2.824178433418274,0.3292
