epoch,Loss,Acc,vLoss,vAcc
500,3.5592261433601378,0.17735205352783204,3.2578708648681642,0.2119
