epoch,Loss,Acc,vLoss,vAcc
500,2.88428759098053,0.30361665214538575,3.0121741890907288,0.2632
