step,epoch,lr,train_loss,train_acc,val_loss,val_acc,dur_total_core,dur_total_core_fmt,dur_train_core,dur_train_core_fmt,dur_total,dur_total_fmt,dur_train,dur_train_fmt,progress
1,1,0.0025,3.3305258487701415,0.21208,,,1795.5030627250671,29.9m,1795.5092568397522,29.9m,1796.173106431961,29.9m,1796.173112154007,29.9m,0.5%
2,2,0.0024998457906020757,2.564945647888184,0.35274,2.3943886474609375,0.388,3614.1003136634827,1.0h,3566.7090723514557,59.4m,3621.415096759796,1.0h,3568.0609426498413,59.5m,1.0%
3,3,0.0024993832004571643,2.297868184051514,0.407,,,5379.196706533432,1.5h,5331.809739112854,1.5h,5387.032966136932,1.5h,5333.678815603256,1.5h,1.5%
4,4,0.0024986123437024626,2.131880627822876,0.44144,2.087039377212524,0.4495,7178.791216373444,2.0h,7095.8580849170685,2.0h,7187.248575687408,2.0h,7098.2604920864105,2.0h,2.0%
5,5,0.0024975334105353394,2.0265064456939696,0.46598,,,8948.408771514893,2.5h,8865.479519367218,2.5h,8957.358866930008,2.5h,8868.37078666687,2.5h,2.5%
6,6,0.0024961466671664097,1.9549558107757568,0.48164,1.947387191772461,0.4828,10752.532732963562,3.0h,10634.46997833252,3.0h,10762.004315137863,3.0h,10637.797192573547,3.0h,3.0%
7,7,0.0024944524557538495,1.8900124143218995,0.49926,,,12521.223888397217,3.5h,12403.164551973343,3.4h,12531.183624982834,3.5h,12406.976506710052,3.4h,3.5%
8,8,0.0024924511943189742,1.8378672471237183,0.507,2.1037759048461915,0.4539,14325.156307220459,4.0h,14171.824363946915,3.9h,14335.645763158798,4.0h,14176.074214935303,3.9h,4.0%
