Sp,Year,MSY,Catch,Bt/Bmsy,Ft/Fmsy,Bt,qE
YFT,2018,121298,135689,1.17,0.96,729436,0.186019061
YFT,2014,126304,151255,0.95,0.77,464712,0.325481158
BET,2017,76232,78584,0.59,1.63,,
BET,2014,78824,75019,0.67,1.28,,
ALB,2014,66402,43102,,,716029,0.06019589
